timestamp,requestType,filename,offsetStart,offsetEnd
1273.6310958862305,read,704052462488826883,0,6985
1273.770809173584,read,704052462488826883,6985,6985
1274.3165493011477,read,704052462488826883,0,6985
1274.379014968872,read,704052462488826883,6985,6985
1291.7845249176023,read,704052462488826883,0,6985
1291.9962406158447,read,704052462488826883,6985,6985
1292.7985191345217,read,704052462488826883,0,6985
1292.891025543213,read,704052462488826883,6985,6985
1311.0132217407229,read,704052462488826883,0,6985
1311.166286468506,read,704052462488826883,6985,6985
1311.742067337036,read,704052462488826883,0,6985
1311.8116855621338,read,704052462488826883,6985,6985
1313.688039779663,read,704052462488826883,0,6985
1313.8346672058103,read,704052462488826883,6985,6985
1314.3908977508545,read,704052462488826883,0,6985
1314.457654953003,read,704052462488826883,6985,6985
1319.925308227539,write,8824018987666240075,0,1223
1320.1029300689695,read,8824018987666240075,0,1223
1320.1055526733398,read,8824018987666240075,1223,1223
1329.7488689422607,read,704052462488826883,0,6985
1329.8203945159912,read,704052462488826883,6985,6985
1330.4667472839355,read,704052462488826883,0,6985
1330.620527267456,read,704052462488826883,6985,6985
1357.3219776153564,write,614579148462169720,0,1223
1357.577562332153,read,614579148462169720,0,1223
1357.5811386108398,read,614579148462169720,1223,1223
1363.5823726654053,write,6732877353325540072,0,1223
1363.8391494750977,read,6732877353325540072,0,1223
1363.842487335205,read,6732877353325540072,1223,1223
1363.9130592346191,write,5573067043492944746,0,1223
1364.1045093536377,read,5573067043492944746,0,1223
1364.107370376587,read,5573067043492944746,1223,1223
1369.2829608917236,read,704052462488826883,0,6985
1369.363784790039,read,704052462488826883,6985,6985
1369.8506355285645,read,704052462488826883,0,6985
1369.9119091033936,read,704052462488826883,6985,6985
1374.5973110198977,read,704052462488826883,0,6985
1374.6750354766846,read,704052462488826883,6985,6985
1375.183343887329,read,704052462488826883,0,6985
1375.241756439209,read,704052462488826883,6985,6985
1375.4656314849854,read,704052462488826883,0,6985
1375.5488395690918,read,704052462488826883,6985,6985
1376.0900497436523,read,704052462488826883,0,6985
1376.1601448059082,read,704052462488826883,6985,6985
1377.197027206421,write,9645231173935853756,0,822
1377.3910999298096,read,9645231173935853756,0,822
1377.3956298828125,read,9645231173935853756,822,822
1395.4503536224363,read,1398187871166414269,0,71667
1395.493745803833,read,1398187871166414269,71667,71667
1395.6284523010254,write,1719774277025751551,0,822
1395.7746028900146,read,1719774277025751551,0,822
1395.777463912964,read,1719774277025751551,822,822
1401.4487266540527,write,17378283105503012219,0,822
1401.5917778015137,read,17378283105503012219,0,822
1401.5944004058838,read,17378283105503012219,822,822
1404.818773269653,write,17764965179382086294,0,822
1404.9668312072754,read,17764965179382086294,0,822
1404.9694538116455,read,17764965179382086294,822,822
1408.4386825561523,read,1398187871166414269,0,71667
1408.4744453430176,read,1398187871166414269,71667,71667
1414.2475128173828,read,1398187871166414269,0,71667
1414.2773151397705,read,1398187871166414269,71667,71667
1419.2686080932615,read,1398187871166414269,0,71667
1419.297456741333,read,1398187871166414269,71667,71667
1623.854398727417,read,10591936777308056789,0,10257
1623.8811016082764,read,10591936777308056789,10257,10257
1623.89874458313,read,10591936777308056789,0,10257
1623.9192485809326,read,10591936777308056789,10257,10257
1625.0088214874268,read,12127685327872283917,0,6343
1625.0264644622805,read,12127685327872283917,6343,6343
1625.1122951507568,read,12127685327872283917,0,6343
1625.136375427246,read,12127685327872283917,6343,6343
1625.943899154663,read,1870041913436671992,0,4661
1625.9605884552002,read,1870041913436671992,4661,4661
1626.063346862793,read,1870041913436671992,0,4661
1626.0778903961182,read,1870041913436671992,4661,4661
1627.6533603668213,read,18194243410964437712,0,7240
1627.6700496673584,read,18194243410964437712,7240,7240
1627.8202533721924,read,18194243410964437712,0,7240
1627.8355121612549,read,18194243410964437712,7240,7240
1628.4668445587158,read,10591936777308056789,0,10257
1628.4847259521484,read,10591936777308056789,10257,10257
1628.9451122283936,read,3680521064166093004,0,7348
1628.9606094360352,read,3680521064166093004,7348,7348
1629.1403770446775,read,3680521064166093004,0,7348
1629.154920578003,read,3680521064166093004,7348,7348
1629.899978637695,read,12127685327872283917,0,6343
1629.9293041229248,read,12127685327872283917,6343,6343
1630.0065517425537,read,7619762385413258600,0,3442
1630.021333694458,read,7619762385413258600,3442,3442
1630.08451461792,read,7619762385413258600,0,3442
1630.0978660583496,read,7619762385413258600,3442,3442
1630.7082176208496,read,15716969750709397529,0,3227
1630.7220458984375,read,15716969750709397529,3227,3227
1631.1676502227783,read,1870041913436671992,0,4661
1631.178855895996,read,15716969750709397529,0,3227
1631.195068359375,read,1870041913436671992,4661,4661
1631.2110424041748,read,15716969750709397529,3227,3227
1633.3558559417725,read,18194243410964437712,0,7240
1633.3811283111572,read,18194243410964437712,7240,7240
1634.9024772644043,read,3680521064166093004,0,7348
1634.9270343780518,read,3680521064166093004,7348,7348
1636.3520622253418,read,7619762385413258600,0,3442
1636.375904083252,read,7619762385413258600,3442,3442
1637.3395919799805,read,15716969750709397529,0,3227
1637.362718582153,read,15716969750709397529,3227,3227
1639.6305561065674,read,10591936777308056789,0,10257
1639.6472454071045,read,10591936777308056789,10257,10257
1639.9681568145752,read,2120016007265888039,0,9031
1640.063762664795,read,2120016007265888039,9031,9031
1641.23797416687,read,12127685327872283917,0,6343
1641.2701606750488,read,12127685327872283917,6343,6343
1642.511606216431,read,1870041913436671992,0,4661
1642.5399780273438,read,1870041913436671992,4661,4661
1644.95587348938,read,18194243410964437712,0,7240
1644.9830532073977,read,18194243410964437712,7240,7240
1646.5880870819092,read,3680521064166093004,0,7348
1646.6145515441897,read,3680521064166093004,7348,7348
1648.0939388275146,read,7619762385413258600,0,3442
1648.1189727783203,read,7619762385413258600,3442,3442
1648.3917236328125,read,2120016007265888039,0,9031
1648.569107055664,read,2120016007265888039,9031,9031
1649.167776107788,read,15716969750709397529,0,3227
1649.1920948028564,read,15716969750709397529,3227,3227
1652.63032913208,read,2120016007265888039,0,9031
1652.776479721069,read,2120016007265888039,9031,9031
1665.661096572876,read,2120016007265888039,0,9031
1665.8174991607666,read,2120016007265888039,9031,9031
1682.3248863220217,read,13905309973847761874,0,135548
1682.9159259796145,read,13905309973847761874,135548,135548
1701.5352249145508,write,11210200362778000645,0,870
1701.685905456543,read,11210200362778000645,0,870
1701.6887664794922,read,11210200362778000645,870,870
1708.1100940704346,read,13905309973847761874,0,135548
1708.6849212646484,read,13905309973847761874,135548,135548
1713.6225700378418,read,13905309973847761874,0,135548
1714.3845558166504,read,13905309973847761874,135548,135548
1727.703332901001,write,7069515319077307900,0,870
1727.806806564331,read,13905309973847761874,0,135548
1727.851152420044,read,7069515319077307900,0,870
1727.8544902801514,read,7069515319077307900,870,870
1728.461980819702,read,13905309973847761874,135548,135548
1739.476203918457,write,5303130077396160183,0,870
1739.6647930145264,read,5303130077396160183,0,870
1739.668607711792,read,5303130077396160183,870,870
1751.1277198791504,write,15680895661897791423,0,870
1751.298189163208,read,15680895661897791423,0,870
1751.3015270233154,read,15680895661897791423,870,870
2059.730529785156,read,13669629561626962021,0,43260
2059.957504272461,read,13669629561626962021,43260,43260
2139.158248901367,read,13669629561626962021,0,43260
2139.389514923096,read,13669629561626962021,43260,43260
2157.1719646453857,read,13669629561626962021,0,43260
2157.4270725250244,read,13669629561626962021,43260,43260
2158.6740016937256,read,13669629561626962021,0,43260
2158.886194229126,read,13669629561626962021,43260,43260
2356.156349182129,write,15014811620837426238,0,12455
2356.3060760498047,read,15014811620837426238,0,12455
2356.3101291656494,read,15014811620837426238,12455,12455
2394.033670425415,read,13669629561626962021,0,43260
2394.1900730133057,read,13669629561626962021,43260,43260
2457.435131072998,write,7372225016982018337,0,2920
2457.563161849976,read,7372225016982018337,0,2920
2457.566261291504,read,7372225016982018337,2920,2920
2469.4011211395264,read,5744148026832563466,0,6589
2469.4695472717285,read,5744148026832563466,6589,6589
2475.4929542541504,write,4104482231969094904,0,12455
2475.66032409668,read,4104482231969094904,0,12455
2475.663661956787,read,4104482231969094904,12455,12455
2488.300323486328,write,11468166825342291880,0,12455
2488.4536266326904,read,11468166825342291880,0,12455
2488.4567260742188,read,11468166825342291880,12455,12455
2492.443799972534,write,8283418697457222635,0,1499
2492.553949356079,read,8283418697457222635,0,1499
2492.556571960449,read,8283418697457222635,1499,1499
2499.04203414917,read,4083758375437768317,0,21791
2499.1471767425537,read,4083758375437768317,21791,21791
2509.4587802886963,write,9362725226882508193,0,12455
2509.660005569458,read,9362725226882508193,0,12455
2509.665012359619,read,9362725226882508193,12455,12455
2515.9947872161865,read,13669629561626962021,0,43260
2516.157627105713,read,13669629561626962021,43260,43260
2520.7669734954834,write,18094971368261236172,0,1298
2520.878553390503,read,18094971368261236172,0,1298
2520.880699157715,read,18094971368261236172,1298,1298
2527.0650386810303,read,5744148026832563466,0,6589
2527.1291732788086,read,5744148026832563466,6589,6589
2528.001546859741,read,13669629561626962021,0,43260
2528.1667709350586,read,13669629561626962021,43260,43260
2551.246404647827,write,2008718280036807723,0,1482
2551.3973236083984,read,2008718280036807723,0,1482
2551.399946212769,read,2008718280036807723,1482,1482
2557.976722717285,read,13669629561626962021,0,43260
2558.1696033477783,read,13669629561626962021,43260,43260
2560.037612915039,read,4083758375437768317,0,21791
2560.138702392578,read,4083758375437768317,21791,21791
2579.622983932495,write,235068632695541625,0,2920
2579.7626972198486,read,235068632695541625,0,2920
2579.7653198242188,read,235068632695541625,2920,2920
2591.815948486328,read,5744148026832563466,0,6589
2591.880798339844,read,5744148026832563466,6589,6589
2592.0331478118896,write,14743958617858247170,0,2920
2592.1831130981445,read,14743958617858247170,0,2920
2592.1859741210938,read,14743958617858247170,2920,2920
2600.031614303589,write,17002540528330663205,0,2110
2600.1498699188232,read,17002540528330663205,0,2110
2600.1524925231934,read,17002540528330663205,2110,2110
2604.9351692199707,read,5744148026832563466,0,6589
2605.001211166382,read,5744148026832563466,6589,6589
2610.7981204986568,read,13669629561626962021,0,43260
2610.935926437378,read,13669629561626962021,43260,43260
2614.788293838501,write,7028276255788216336,0,1499
2614.906311035156,read,7028276255788216336,0,1499
2614.9086952209477,read,7028276255788216336,1499,1499
2621.4394569396973,read,4083758375437768317,0,21791
2621.5314865112305,read,4083758375437768317,21791,21791
2628.084659576416,write,11069173554709528052,0,1499
2628.2126903533936,read,11069173554709528052,0,1499
2628.215312957764,read,11069173554709528052,1499,1499
2635.4105472564697,read,4083758375437768317,0,21791
2635.504722595215,read,4083758375437768317,21791,21791
2639.6594047546387,write,10651865089970622087,0,2920
2639.9266719818115,read,10651865089970622087,0,2920
2639.930009841919,read,10651865089970622087,2920,2920
2642.965316772461,write,16731031309280131906,0,1298
2643.080711364746,read,16731031309280131906,0,1298
2643.083095550537,read,16731031309280131906,1298,1298
2649.178266525269,read,5744148026832563466,0,6589
2649.2362022399902,read,5744148026832563466,6589,6589
2657.173156738281,write,10592737742024948792,0,1298
2657.3002338409424,read,10592737742024948792,0,1298
2657.3028564453125,read,10592737742024948792,1298,1298
2662.30845451355,read,5744148026832563466,0,6589
2662.395238876343,read,5744148026832563466,6589,6589
2664.3404960632324,read,5744148026832563466,0,6589
2664.405584335327,read,5744148026832563466,6589,6589
2671.792507171631,write,2217650084906186821,0,1482
2671.9114780426025,read,2217650084906186821,0,1482
2671.9138622283936,read,2217650084906186821,1482,1482
2678.316831588745,read,4083758375437768317,0,21791
2678.40576171875,read,4083758375437768317,21791,21791
2687.300443649292,write,3063292571663920425,0,1482
2687.416076660156,read,3063292571663920425,0,1482
2687.4184608459477,read,3063292571663920425,1482,1482
2691.650152206421,write,6571577254180834536,0,1499
2691.7953491210938,read,6571577254180834536,0,1499
2691.797971725464,read,6571577254180834536,1499,1499
2694.0500736236568,read,4083758375437768317,0,21791
2694.14496421814,read,4083758375437768317,21791,21791
2699.8562812805176,read,4083758375437768317,0,21791
2699.971437454224,read,4083758375437768317,21791,21791
2718.2483673095703,write,5666278231325732068,0,2110
2718.360185623169,read,5666278231325732068,0,2110
2718.362331390381,read,5666278231325732068,2110,2110
2728.6298274993896,read,13669629561626962021,0,43260
2728.761911392212,read,13669629561626962021,43260,43260
2735.7165813446045,write,14187357912905558958,0,2110
2735.8357906341557,read,14187357912905558958,0,2110
2735.8381748199463,read,14187357912905558958,2110,2110
2746.77848815918,read,13669629561626962021,0,43260
2746.9165325164795,read,13669629561626962021,43260,43260
2750.275135040283,write,4432223930551814335,0,1298
2750.4923343658447,read,4432223930551814335,0,1298
2750.497341156006,read,4432223930551814335,1298,1298
2762.65287399292,read,5744148026832563466,0,6589
2762.763500213623,read,5744148026832563466,6589,6589
2802.1678924560547,write,3493619754294269384,0,1482
2802.309274673462,read,3493619754294269384,0,1482
2802.3128509521484,read,3493619754294269384,1482,1482
2811.068534851074,read,4083758375437768317,0,21791
2811.2027645111084,read,4083758375437768317,21791,21791
2866.163492202759,write,9394858776970766151,0,2110
2866.274118423462,read,9394858776970766151,0,2110
2866.2772178649902,read,9394858776970766151,2110,2110
2878.0946731567383,read,13669629561626962021,0,43260
2878.265619277954,read,13669629561626962021,43260,43260
3034.0445041656494,write,2231896404159146657,0,16679
3034.275531768799,read,2231896404159146657,0,16679
3034.28053855896,read,2231896404159146657,16679,16679
3076.0834217071533,read,68571881736461077,0,8320
3076.1795043945312,read,68571881736461077,8320,8320
3121.7803955078125,write,14786179438710996292,0,2985
3121.918201446533,read,14786179438710996292,0,2985
3121.9210624694824,read,14786179438710996292,2985,2985
3132.3671340942383,read,4083758375437768317,0,21791
3132.474660873413,read,4083758375437768317,21791,21791
3146.181344985962,write,13118860243954611410,0,867
3146.301507949829,read,13118860243954611410,0,867
3146.30389213562,read,13118860243954611410,867,867
3154.8140048980717,read,3857025352178960591,0,2448
3154.8750400543213,read,3857025352178960591,2448,2448
3165.6973361968994,write,9540123006045264883,0,623
3165.818691253662,read,9540123006045264883,0,623
3165.8213138580318,read,9540123006045264883,623,623
3170.682430267334,read,13169316569639342878,0,18384
3170.7799434661865,read,13169316569639342878,18384,18384
3173.785448074341,write,16911401290217914976,0,16679
3173.949718475342,read,16911401290217914976,0,16679
3173.9540100097656,read,16911401290217914976,16679,16679
3183.7236881256104,write,14645855011881834710,0,16679
3183.889389038086,read,14645855011881834710,0,16679
3183.8929653167725,read,14645855011881834710,16679,16679
3205.8749198913574,write,7958454003701753387,0,2146
3206.003189086914,read,7958454003701753387,0,2146
3206.005811691284,read,7958454003701753387,2146,2146
3214.66064453125,read,4280450807664125655,0,1488
3214.7228717803955,read,4280450807664125655,1488,1488
3216.605424880981,read,68571881736461077,0,8320
3216.691493988037,read,68571881736461077,8320,8320
3225.8691787719727,write,11949540924053691592,0,724
3225.9883880615234,read,11949540924053691592,0,724
3225.9907722473145,read,11949540924053691592,724,724
3227.6477813720703,read,68571881736461077,0,8320
3227.739095687866,read,68571881736461077,8320,8320
3230.9937477111816,read,13169316569639342878,0,18384
3231.08458518982,read,13169316569639342878,18384,18384
3243.5503005981445,write,16343825476806560729,0,724
3243.661403656006,read,16343825476806560729,0,724
3243.663549423218,read,16343825476806560729,724,724
3250.0336170196533,read,3857025352178960591,0,2448
3250.083446502685,read,3857025352178960591,2448,2448
3260.55121421814,write,17675131019717145711,0,626
3260.655164718628,read,17675131019717145711,0,626
3260.657548904419,read,17675131019717145711,626,626
3262.418270111084,write,11303253948582031221,0,2985
3262.554168701172,read,11303253948582031221,0,2985
3262.556791305542,read,11303253948582031221,2985,2985
3272.883892059326,read,4083758375437768317,0,21791
3272.9806900024414,read,4083758375437768317,21791,21791
3273.763418197632,write,12629872315667874225,0,2985
3273.904800415039,read,12629872315667874225,0,2985
3273.906946182251,read,12629872315667874225,2985,2985
3285.010814666748,read,4083758375437768317,0,21791
3285.10856628418,read,4083758375437768317,21791,21791
3287.726163864136,write,9772003557990878527,0,867
3288.174629211426,read,9772003557990878527,0,867
3288.177967071533,read,9772003557990878527,867,867
3297.0614433288574,read,3857025352178960591,0,2448
3297.152042388916,read,3857025352178960591,2448,2448
3298.9344596862798,write,6282994357308273391,0,867
3299.058198928833,read,6282994357308273391,0,867
3299.060344696045,read,6282994357308273391,867,867
3307.846784591675,write,7664877613770478109,0,623
3307.959794998169,read,7664877613770478109,0,623
3307.96217918396,read,7664877613770478109,623,623
3307.995080947876,read,3857025352178960591,0,2448
3308.050632476806,read,3857025352178960591,2448,2448
3312.333583831787,read,13169316569639342878,0,18384
3312.418222427368,read,13169316569639342878,18384,18384
3318.833351135254,write,16355401796864217056,0,623
3318.9499378204346,read,16355401796864217056,0,623
3318.9520835876465,read,16355401796864217056,623,623
3323.7552642822266,read,13169316569639342878,0,18384
3323.8441944122314,read,13169316569639342878,18384,18384
3347.318172454834,write,8599692968382290482,0,2146
3347.42283821106,read,8599692968382290482,0,2146
3347.4252223968506,read,8599692968382290482,2146,2146
3355.363607406616,read,4280450807664125655,0,1488
3355.412483215332,read,4280450807664125655,1488,1488
3358.9413166046143,write,15096240132938896531,0,2146
3359.0610027313232,read,15096240132938896531,0,2146
3359.0636253356934,read,15096240132938896531,2146,2146
3366.257429122925,write,9238484675773062573,0,724
3366.3604259490967,read,9238484675773062573,0,724
3366.362810134888,read,9238484675773062573,724,724
3367.619037628174,read,4280450807664125655,0,1488
3367.6724433898926,read,4280450807664125655,1488,1488
3370.8150386810303,read,13169316569639342878,0,18384
3370.898962020874,read,13169316569639342878,18384,18384
3378.7317276000977,write,16348163468923178431,0,724
3378.8397312164307,read,16348163468923178431,0,724
3378.8421154022217,read,16348163468923178431,724,724
3383.211612701416,write,2965751012588816341,0,724
3383.3112716674805,read,2965751012588816341,0,724
3383.3136558532715,read,2965751012588816341,724,724
3383.732557296753,read,13169316569639342878,0,18384
3383.818387985229,read,13169316569639342878,18384,18384
3389.2359733581543,read,3857025352178960591,0,2448
3389.2829418182373,read,3857025352178960591,2448,2448
3396.3685035705566,write,10342522357368756973,0,724
3396.482467651367,read,10342522357368756973,0,724
3396.484613418579,read,10342522357368756973,724,724
3399.733066558838,write,9037902845240148138,0,626
3399.834156036377,read,9037902845240148138,0,626
3399.836540222168,read,9037902845240148138,626,626
3403.093099594116,read,3857025352178960591,0,2448
3403.1519889831543,read,3857025352178960591,2448,2448
3413.766622543335,write,11905476440352498110,0,626
3413.8853549957275,read,11905476440352498110,0,626
3413.8879776000977,read,11905476440352498110,626,626
3513.654947280884,write,15775184767475787604,0,16679
3514.4338607788086,read,15775184767475787604,0,16679
3514.443874359131,read,15775184767475787604,16679,16679
3566.780567169189,read,68571881736461077,0,8320
3566.8880939483643,read,68571881736461077,8320,8320
3613.294124603272,write,5877657891334859809,0,2985
3613.4207248687744,read,5877657891334859809,0,2985
3613.423347473145,read,5877657891334859809,2985,2985
3623.719930648804,read,4083758375437768317,0,21791
3623.8183975219727,read,4083758375437768317,21791,21791
3637.451171875,write,9632202563184330705,0,867
3637.554407119751,read,9632202563184330705,0,867
3637.556791305542,read,9632202563184330705,867,867
3645.844221115112,read,3857025352178960591,0,2448
3645.897388458252,read,3857025352178960591,2448,2448
3656.580209732056,write,978713286550109919,0,623
3656.686305999756,read,978713286550109919,0,623
3656.688690185547,read,978713286550109919,623,623
3660.655736923218,read,13169316569639342878,0,18384
3660.744428634644,read,13169316569639342878,18384,18384
3695.833921432495,write,1800339540464267059,0,2146
3695.936679840088,read,1800339540464267059,0,2146
3695.939302444458,read,1800339540464267059,2146,2146
3703.626155853272,read,4280450807664125655,0,1488
3703.6752700805664,read,4280450807664125655,1488,1488
3714.535713195801,write,4415446786776265199,0,724
3714.632272720337,read,4415446786776265199,0,724
3714.634418487549,read,4415446786776265199,724,724
3718.7654972076416,read,13169316569639342878,0,18384
3718.8479900360103,read,13169316569639342878,18384,18384
3731.236457824707,write,10685346935261730230,0,724
3731.333732604981,read,10685346935261730230,0,724
3731.335878372192,read,10685346935261730230,724,724
3737.060785293579,read,3857025352178960591,0,2448
3737.1091842651367,read,3857025352178960591,2448,2448
3747.661828994751,write,10857035811396486662,0,626
3747.758865356445,read,10857035811396486662,0,626
3747.761487960816,read,10857035811396486662,626,626
4013.460874557495,read,18177729683679785760,0,27633
4013.6239528656006,read,18177729683679785760,27633,27633
4084.5067501068124,read,18177729683679785760,0,27633
4084.65576171875,read,18177729683679785760,27633,27633
4144.133806228638,read,18177729683679785760,0,27633
4144.284009933472,read,18177729683679785760,27633,27633
4497.276544570923,read,18177729683679785760,0,27633
4497.418403625488,read,18177729683679785760,27633,27633
6823.537111282349,read,13640465046789814539,0,2920
6851.287126541138,read,12639763614303492238,0,2920
6896.451950073242,read,6100722078941601096,0,2920
7450.074672698975,read,10210524424893034832,0,2920
9699.857473373411,read,5760236932354216172,0,8
9699.91946220398,read,17416863353232320155,0,2
9700.028419494627,read,103006325554503225,0,8
9700.064659118652,read,14823272632553193002,0,2
9700.183391571043,read,1997576515394658322,0,8
9700.214862823486,read,17673952661435484514,0,2
9700.3173828125,read,2616168161191480681,0,8
9700.350999832152,read,14334342796609358879,0,2
9700.45018196106,read,7070262871243056542,0,8
9700.489044189451,read,5976255086328121448,0,2
9700.5934715271,read,2328345542168453931,0,8
9700.626134872437,read,15479823121708354280,0,2
9700.718402862549,read,12664787604397712432,0,8
9700.74987411499,read,1466481310458128812,0,2
9700.840711593628,read,12963892749600057818,0,8
9700.873136520386,read,6123192922064857884,0,2
9735.70466041565,read,5760236932354216172,0,8
9735.734224319458,read,17416863353232320155,0,2
9735.787868499756,read,103006325554503225,0,8
9735.804796218872,read,14823272632553193002,0,2
9735.856533050535,read,1997576515394658322,0,8
9735.873699188232,read,17673952661435484514,0,2
9735.923290252686,read,2616168161191480681,0,8
9735.936641693115,read,14334342796609358879,0,2
9735.984086990356,read,7070262871243056542,0,8
9736.002445220947,read,5976255086328121448,0,2
9736.053943634031,read,2328345542168453931,0,8
9736.068725585938,read,15479823121708354280,0,2
9736.1319065094,read,12664787604397712432,0,8
9736.156225204468,read,1466481310458128812,0,2
9736.206769943235,read,12963892749600057818,0,8
9736.221313476562,read,6123192922064857884,0,2
9737.54620552063,read,5760236932354216172,0,8
9737.5750541687,read,5760236932354216172,0,8
9737.618446350098,read,17416863353232320155,0,2
9737.630367279053,read,17416863353232320155,0,2
9737.7507686615,read,103006325554503225,0,8
9737.76912689209,read,103006325554503225,0,8
9737.798929214478,read,14823272632553193002,0,2
9737.811803817747,read,14823272632553193002,0,2
9737.945079803469,read,1997576515394658322,0,8
9737.95223236084,read,1997576515394658322,0,8
9737.981796264648,read,17673952661435484514,0,2
9737.998723983765,read,17673952661435484514,0,2
9738.099575042725,read,2616168161191480681,0,8
9738.11960220337,read,2616168161191480681,0,8
9738.134384155272,read,14334342796609358879,0,2
9738.164901733398,read,14334342796609358879,0,2
9738.25216293335,read,7070262871243056542,0,8
9738.27624320984,read,7070262871243056542,0,8
9738.297939300535,read,5976255086328121448,0,2
9738.327026367188,read,5976255086328121448,0,2
9738.410234451294,read,2328345542168453931,0,8
9738.439321517944,read,2328345542168453931,0,8
9738.446235656738,read,15479823121708354280,0,2
9738.48795890808,read,15479823121708354280,0,2
9738.564729690552,read,12664787604397712432,0,8
9738.604307174684,read,1466481310458128812,0,2
9738.622665405272,read,12664787604397712432,0,8
9738.665103912354,read,1466481310458128812,0,2
9738.725423812866,read,12963892749600057818,0,8
9738.757371902466,read,6123192922064857884,0,2
9738.783121109009,read,12963892749600057818,0,8
9738.812685012816,read,6123192922064857884,0,2
12451.381921768188,read,1657617533641771666,0,6850
12451.60698890686,read,1657617533641771666,6850,6850
12452.54373550415,read,1657617533641771666,0,6850
12452.7747631073,read,1657617533641771666,6850,6850
12463.67883682251,read,1657617533641771666,0,6850
12463.94181251526,read,1657617533641771666,6850,6850
12481.743574142456,read,1657617533641771666,0,6850
12482.097625732422,read,1657617533641771666,6850,6850
12613.468647003174,write,16317058468810185698,0,964
12613.666534423828,read,16317058468810185698,0,964
12613.669872283936,read,16317058468810185698,964,964
12616.41764640808,write,416923371970024443,0,964
12616.604328155518,read,416923371970024443,0,964
12616.607904434204,read,416923371970024443,964,964
12621.464014053345,read,13169316569639342878,0,18384
12621.597290039062,read,13169316569639342878,18384,18384
12624.195098876951,read,13169316569639342878,0,18384
12624.324321746826,read,13169316569639342878,18384,18384
12662.762880325316,write,11485794228817461075,0,2045
12662.92119026184,read,11485794228817461075,0,2045
12662.92428970337,read,11485794228817461075,2045,2045
12665.424585342407,write,4034993414628394850,0,2045
12665.58027267456,read,4034993414628394850,0,2045
12665.583610534668,read,4034993414628394850,2045,2045
12695.680856704712,write,8163273809225398869,0,964
12695.881366729736,read,8163273809225398869,0,964
12695.884704589844,read,8163273809225398869,964,964
12703.449010849,read,13169316569639342878,0,18384
12703.556537628174,write,15189667915704490659,0,964
12703.601121902466,read,13169316569639342878,18384,18384
12703.755855560305,read,15189667915704490659,0,964
12703.758716583252,read,15189667915704490659,964,964
12711.465835571287,read,13169316569639342878,0,18384
12711.594343185425,read,13169316569639342878,18384,18384
12744.557619094849,write,7195037181986967110,0,2045
12744.687795639038,read,7195037181986967110,0,2045
12744.690656661987,read,7195037181986967110,2045,2045
12765.81335067749,write,17849627780264699101,0,2045
12766.064882278442,read,17849627780264699101,0,2045
12766.070365905762,read,17849627780264699101,2045,2045
22637.306928634644,read,8145725090961035634,9720,9768
22637.32481002808,read,8145725090961035634,9700,9720
22637.35842704773,read,8145725090961035634,0,9687
31452.757835388184,read,3361619824597046305,9720,9768
31452.768325805664,read,3361619824597046305,9700,9720
31452.775716781616,read,3361619824597046305,0,9687
